Step number,Mass flow rate
1,1.621571
2,0.998991
3,0.182132
4,0.061740
5,0.056242
6,0.066895
